id,problem,published_run_count,resamples,reference_tv_distance_mean,reference_tv_distance_median,reference_tv_distance_lower_95,reference_tv_distance_upper_95,seed,observed_tv_distance,observed_tv_distance_percentile,reference_distances_at_least_observed
1,abc -> abd ==> ijk -> ?,1000,10000,0.007725200000000001,0.007,0.002,0.018,0,0.019,0.9845,0.0237
2,abc -> abd ==> iijjkk -> ?,1000,10000,0.0193864,0.017,0.006,0.044,0,0.034,0.9095,0.1024
3,abc -> abd ==> kji -> ?,1000,10000,0.026612200000000006,0.025,0.007,0.055,0,0.0419999999999999,0.8726,0.1274
4,abc -> abd ==> mrrjjj -> ?,1000,10000,0.0244966,0.023,0.008,0.051,0,0.021,0.4549,0.5865
5,abc -> abd ==> xyz -> ?,1000,10000,0.020968900000000002,0.02,0.007,0.044,0,0.0219999999999999,0.5766,0.4234
1.1,abc -> abd ==> ijklmnop -> ?,1000,10000,0.018836000000000002,0.018,0.009,0.033,0,0.031,0.9629,0.048
1.2,abc -> abd ==> xlg -> ?,1000,10000,0.004751600000000001,0.004,0.0,0.012,0,0.003,0.4277,0.7171
1.3,abc -> abd ==> xcg -> ?,1000,10000,0.0068281999999999995,0.006,0.001,0.016,0,0.01,0.838,0.2178
1.4,abc -> abd ==> abcd -> ?,1000,10000,0.013305099999999999,0.012,0.003,0.03,0,0.008,0.2788,0.7816
1.5,abc -> abd ==> cde -> ?,1000,10000,0.018527299999999997,0.017,0.005,0.04,0,0.012,0.2873,0.7597
1.6,abc -> abd ==> cab -> ?,1000,10000,0.026470100000000003,0.025,0.007,0.056,0,0.018,0.3021,0.7306
1.7,abc -> abd ==> cmg -> ?,1000,10000,0.0176716,0.015,0.002,0.048,0,0.0239999999999999,0.7224,0.2776
1.8,abc -> qbc ==> ijk -> ?,1000,10000,0.0010555000000000002,0.001,0.0,0.003,0,0.001,0.7345,0.6956
1.9,aabc -> aabd ==> ijkk -> ?,1000,10000,0.030788999999999997,0.029,0.012,0.059,0,0.051,0.9375,0.0688
1.10,abcm -> abcn ==> rijk -> ?,1000,10000,0.0331767,0.031,0.013,0.063,0,0.0359999999999999,0.6163,0.3837
2.1,abc -> abd ==> hhwwqq -> ?,1000,10000,0.0226014,0.02,0.006,0.051,0,0.019,0.4762,0.5613
2.2,abc -> abd ==> lmfgop -> ?,1000,10000,0.0228145,0.02,0.005,0.054,0,0.01,0.1724,0.8598
2.3,abc -> abd ==> lmnfghopq -> ?,1000,10000,0.0258246,0.023,0.008,0.057,0,0.046,0.922,0.0851
2.4,aabbcc -> aabbcd ==> iijjkk -> ?,1000,10000,0.0170028,0.015,0.006,0.037,0,0.036,0.9718,0.0355
3.1,abc -> abd ==> edc -> ?,1000,10000,0.0203507,0.018,0.003,0.051,0,0.0639999999999999,0.9948,0.0052
3.2,abc -> abd ==> cba -> ?,1000,10000,0.0140449,0.013,0.003,0.033,0,0.014,0.5889,0.4565
4.1,abc -> abd ==> mrr -> ?,1000,10000,0.0215791,0.019,0.005,0.052,0,0.016,0.4223,0.6149
4.2,abc -> abd ==> mmrrrjjjj -> ?,1000,10000,0.027735400000000004,0.026,0.01,0.054,0,0.049,0.9513,0.0537
4.3,abc -> abd ==> rssttt -> ?,1000,10000,0.0282925,0.027,0.011,0.054,0,0.018,0.1864,0.8444
4.4,abc -> abd ==> xpqdef -> ?,1000,10000,0.028180600000000004,0.026,0.01,0.059,0,0.012,0.0697,0.9516
5.1,abc -> qbc ==> xyz -> ?,1000,10000,0.0025741,0.002,0.0,0.006,0,0.002,0.5531,0.7115
5.2,rst -> rsu ==> xyz -> ?,1000,10000,0.0046086,0.004,0.001,0.011,0,0.007,0.8572,0.2187
5.3,abc -> abd ==> glz -> ?,1000,10000,0.0198088,0.017,0.003,0.05,0,0.086,1.0,0.0
5.4,abc -> abd ==> cmz -> ?,1000,10000,0.0104582,0.009,0.0,0.03,0,0.016,0.7898,0.2372
