id,problem,solution_total_variation_distance,temperature_mean_absolute_error,temperature_z_chi_square,temperature_z_count,codelets_relative_error,codelets_z_stat,codelets_z_p_value
1,abc -> abd ==> ijk -> ?,0.006000000000000002,0.011436344097679116,0.306690089686682,2,0.012877133105802132,0.8653209278710912,0.38686266735185215
1.1,abc -> abd ==> ijklmnop -> ?,0.04300000000000001,0.027853049132975805,8.454546552718865,5,0.13374870912220305,5.6341700342029455,1.7590340382959993e-08
1.2,abc -> abd ==> xlg -> ?,0.006000000000000004,0.009678754734374628,23.374455380331938,2,0.4361826625386997,12.97542127180652,1.6866643361830193e-38
1.3,abc -> abd ==> xcg -> ?,0.005000000000000003,0.009215080929086425,12.316307167314168,3,0.1704196787148595,5.267116317233796,1.385834044721558e-07
1.4,abc -> abd ==> abcd -> ?,0.024999999999999956,0.04743299172078038,7.436988742327985,3,0.051108108108108126,2.882395081894236,0.003946645439641203
1.5,abc -> abd ==> cde -> ?,0.015000000000000006,0.02546633194526749,5.643906233138193,4,0.007279605263157968,0.4902903661985819,0.6239284431480092
1.6,abc -> abd ==> cab -> ?,0.03699999999999999,0.0033494694120806967,2.129783077184326,3,0.016543539325842693,-0.514063197791927,0.6072078066210633
1.7,abc -> abd ==> cmg -> ?,0.03699999999999998,0.0030138430072859934,1.728774503949022,2,0.314371335504886,10.812447165651074,3.0054379249229498e-27
1.8,abc -> qbc ==> ijk -> ?,0.0010000000000000005,0.0008581637786986285,0.06419418470291097,1,0.034977124183006456,2.301452630825187,0.021366059942816866
1.9,aabc -> aabd ==> ijkk -> ?,0.07799999999999997,0.013406081337718895,12.03066161653023,4,0.05472400000000001,2.3794729230742053,0.017337416701032834
1.10,abcm -> abcn ==> rijk -> ?,0.05100000000000001,0.006283907865661742,5.265207519074213,4,0.04433989870568369,-1.128129687649177,0.25926515298741337
2,abc -> abd ==> iijjkk -> ?,0.03800000000000001,0.005467858953614874,1.1527534562526203,2,0.08746666666666668,4.812118055933975,1.4933908950610976e-06
2.1,abc -> abd ==> hhwwqq -> ?,0.03199999999999994,0.020992842643788243,7.691045326045195,4,0.06736146095717886,2.650004091431566,0.008049079609786017
2.2,abc -> abd ==> lmfgop -> ?,0.040999999999999974,0.008142360143090424,3.763334615856173,3,0.05516617790811334,-1.8397060882557883,0.06581139923623132
2.3,abc -> abd ==> lmnfghopq -> ?,0.03799999999999997,0.011272835358389216,11.148963946112122,4,0.06578256794751645,2.137967882445296,0.03251935003542033
2.4,aabbcc -> aabbcd ==> iijjkk -> ?,0.05700000000000003,0.009156181183246626,4.662062448931022,2,0.08539310344827582,4.9578383835629944,7.12818200755484e-07
3,abc -> abd ==> kji -> ?,0.018999999999999944,0.008320938141369028,2.0554033754885266,4,0.004002531645569664,0.217492864475485,0.8278242672414788
3.1,abc -> abd ==> edc -> ?,0.016000000000000014,0.007389974406034172,5.745433484736722,3,0.004295977011494266,-0.2272002689007865,0.820268018609491
3.2,abc -> abd ==> cba -> ?,0.007999999999999998,0.019297071900380724,2.073215162605158,3,0.02629455445544552,0.7092284985830294,0.478182691086786
4,abc -> abd ==> mrrjjj -> ?,0.04599999999999996,0.008455065666275505,6.304270003753667,4,0.03458624849215926,1.2638519060058604,0.20628318669503615
4.1,abc -> abd ==> mrr -> ?,0.008000000000000004,0.005838065729231225,5.639207395773466,3,0.026144244105409185,0.8898926264110152,0.3735235435935233
4.2,abc -> abd ==> mmrrrjjjj -> ?,0.025999999999999954,0.007791460968786956,3.608124635379438,5,0.13994692400482506,5.152993653989271,2.5636064366405303e-07
4.3,abc -> abd ==> rssttt -> ?,0.021000000000000008,0.00874017882224969,8.956817565743929,5,0.0520975975975976,2.2269711225056517,0.025949203827255986
4.4,abc -> abd ==> xpqdef -> ?,0.029000000000000015,0.01114728919927831,6.060810530759571,5,0.005602628918099145,0.1843484835407157,0.8537400812649294
5,abc -> abd ==> xyz -> ?,0.019000000000000006,0.008959180080567388,5.118555397100412,3,0.04467612219451369,1.1242252710445009,0.2609174712928706
5.1,abc -> qbc ==> xyz -> ?,0.0030000000000000005,0.0011285700662204134,0.08051050037390049,1,0.03812582781456957,2.574577756247972,0.010036252498760688
5.2,rst -> rsu ==> xyz -> ?,0.003,0.004870686850044104,0.7439160854057086,1,0.060879989065062895,1.4433213374450133,0.1489299717511687
5.3,abc -> abd ==> glz -> ?,0.04500000000000001,0.0070070912884604986,2.891502021850763,3,0.1835991756826378,4.670431905875722,3.0056710697320654e-06
5.4,abc -> abd ==> cmz -> ?,0.008000000000000007,0.006905859256064878,10.167402064710835,2,0.11190725126475552,2.4477108852738114,0.014376696501995372
