row_type,problem,answer,examples,pearson_correlation,spearman_correlation,pearson_p_value,spearman_p_value,correlation_type,cells_pooled,fixed_effect_correlation,heterogeneity_q,heterogeneity_df,between_cell_variance_tau_squared
problem_answer,aabbcc -> aabbcd ==> iijjkk -> ?,iijjkl,882,0.31767796874188947,0.11061221525213123,0.0,0.0009615286193815908,,,,,,
problem_answer,aabc -> aabd ==> ijkk -> ?,ijkl,244,,,,,,,,,,
problem_answer,aabc -> aabd ==> ijkk -> ?,ijll,594,,,,,,,,,,
problem_answer,aabc -> aabd ==> ijkk -> ?,jjkk,112,,,,,,,,,,
problem_answer,abc -> abd ==> abcd -> ?,abce,923,,,,,,,,,,
problem_answer,abc -> abd ==> cab -> ?,cac,370,0.3529799427710129,0.08992416727613886,4.580780199603396e-13,0.08326254656437393,,,,,,
problem_answer,abc -> abd ==> cab -> ?,cbc,136,,,,,,,,,,
problem_answer,abc -> abd ==> cab -> ?,dab,480,,,,,,,,,,
problem_answer,abc -> abd ==> cba -> ?,dba,883,0.9006348247607132,0.657381659724146,0.0,0.0,,,,,,
problem_answer,abc -> abd ==> cde -> ?,bde,123,,,,,,,,,,
problem_answer,abc -> abd ==> cde -> ?,cdf,819,,,,,,,,,,
problem_answer,abc -> abd ==> cmg -> ?,cmh,678,,,,,,,,,,
problem_answer,abc -> abd ==> cmg -> ?,dmg,311,,,,,,,,,,
problem_answer,abc -> abd ==> cmz -> ?,dmz,909,0.9463527010678316,0.9436155800806008,0.0,0.0,,,,,,
problem_answer,abc -> abd ==> edc -> ?,edb,675,,,,,,,,,,
problem_answer,abc -> abd ==> edc -> ?,edd,290,,,,,,,,,,
problem_answer,abc -> abd ==> glz -> ?,gld,395,0.9740812315928732,0.9658094069054309,0.0,0.0,,,,,,
problem_answer,abc -> abd ==> glz -> ?,hlz,591,0.9706258051719029,0.9511057973675264,0.0,0.0,,,,,,
problem_answer,abc -> abd ==> hhwwqq -> ?,hhwwqr,253,,,,,,,,,,
problem_answer,abc -> abd ==> hhwwqq -> ?,hhwwrr,718,,,,,,,,,,
problem_answer,abc -> abd ==> iijjkk -> ?,iijjkl,148,,,,,,,,,,
problem_answer,abc -> abd ==> iijjkk -> ?,iijjll,828,,,,,,,,,,
problem_answer,abc -> abd ==> ijk -> ?,ijl,988,,,,,,,,,,
problem_answer,abc -> abd ==> ijklmnop -> ?,ijklmnoq,917,,,,,,,,,,
problem_answer,abc -> abd ==> kji -> ?,kjh,576,,,,,,,,,,
problem_answer,abc -> abd ==> kji -> ?,kjj,226,,,,,,,,,,
problem_answer,abc -> abd ==> kji -> ?,lji,185,,,,,,,,,,
problem_answer,abc -> abd ==> lmfgop -> ?,lmfgoq,544,,,,,,,,,,
problem_answer,abc -> abd ==> lmfgop -> ?,lmfgpq,431,,,,,,,,,,
problem_answer,abc -> abd ==> lmnfghopq -> ?,lmnfghopr,429,,,,,,,,,,
problem_answer,abc -> abd ==> lmnfghopq -> ?,lmnfghpqr,532,,,,,,,,,,
problem_answer,abc -> abd ==> mmrrrjjjj -> ?,mmrrrjjjk,163,,,,,,,,,,
problem_answer,abc -> abd ==> mmrrrjjjj -> ?,mmrrrkkkk,712,,,,,,,,,,
problem_answer,abc -> abd ==> mrr -> ?,mrs,330,,,,,,,,,,
problem_answer,abc -> abd ==> mrr -> ?,mss,650,,,,,,,,,,
problem_answer,abc -> abd ==> mrrjjj -> ?,mrrjjk,202,,,,,,,,,,
problem_answer,abc -> abd ==> mrrjjj -> ?,mrrkkk,709,0.3014636438544461,0.09134406833752032,0.0,0.014728499735524037,,,,,,
problem_answer,abc -> abd ==> rssttt -> ?,rssttu,176,,,,,,,,,,
problem_answer,abc -> abd ==> rssttt -> ?,rssuuu,730,0.2208076065682098,0.06406253537539863,1.0057916721706306e-09,0.08326295981613974,,,,,,
problem_answer,abc -> abd ==> xcg -> ?,xch,972,,,,,,,,,,
problem_answer,abc -> abd ==> xlg -> ?,xlh,981,,,,,,,,,,
problem_answer,abc -> abd ==> xpqdef -> ?,xpqdeg,409,,,,,,,,,,
problem_answer,abc -> abd ==> xpqdef -> ?,xpqefg,531,,,,,,,,,,
problem_answer,abc -> abd ==> xyz -> ?,wyz,123,0.9697215083224288,0.9546442537262805,0.0,0.0,,,,,,
problem_answer,abc -> abd ==> xyz -> ?,xyd,821,0.9810998869274259,0.972189502445019,0.0,0.0,,,,,,
problem_answer,abc -> qbc ==> ijk -> ?,qjk,999,,,,,,,,,,
problem_answer,abc -> qbc ==> xyz -> ?,qyz,998,,,,,,,,,,
problem_answer,abcm -> abcn ==> rijk -> ?,rijl,404,,,,,,,,,,
problem_answer,abcm -> abcn ==> rijk -> ?,rjkl,149,,,,,,,,,,
problem_answer,abcm -> abcn ==> rijk -> ?,sijk,419,,,,,,,,,,
problem_answer,rst -> rsu ==> xyz -> ?,xyu,996,0.982297970767556,0.9769437667285488,0.0,0.0,,,,,,
pooled_random_effects,,,7409,0.8881178148470864,,3.46621927715951e-07,,pearson,11.0,0.8850046153722848,5579.563182587492,10.0,0.8434354967867638
pooled_random_effects,,,7409,,0.8285356399086434,,4.170811403603203e-05,spearman,11.0,0.8227978390607938,6054.1814544463305,10.0,0.9153100558474907
