id,problem,solution_total_variation_distance,temperature_mean_absolute_error,temperature_max_absolute_error,temperature_z_chi_square,temperature_z_count,temperature_max_absolute_z_stat,codelets_relative_error,codelets_z_stat,codelets_z_p_value
1,abc -> abd ==> ijk -> ?,0.010000000000000004,0.018663942798774272,0.036000000000000004,1.8179579916944673,2,1.3111799672485844,0.007627986348122913,-0.5176008953236286,0.604736756982462
1.1,abc -> abd ==> ijklmnop -> ?,0.03500000000000001,0.030072940613026823,0.066,7.976665752587208,5,1.8951194433949579,0.0032030981067125474,0.14400833193872878,0.8854938902847439
1.2,abc -> abd ==> xlg -> ?,0.005000000000000002,0.015597165991902862,0.030000000000000027,2.021396584921278,2,1.1691269880881519,0.019356037151702817,0.8196141493682565,0.41243610488568355
1.3,abc -> abd ==> xcg -> ?,0.001,0.008532097152220345,0.024666666666666615,1.109946892346982,3,1.0530978873221475,0.009295180722891604,-0.31361090697974914,0.7538165746161329
1.4,abc -> abd ==> abcd -> ?,0.016000000000000007,0.023757832408679857,0.04888888888888884,2.1069451593919144,3,0.8696028035682877,0.02231831831831837,1.3036439151063965,0.19235502014518063
1.5,abc -> abd ==> cde -> ?,0.03499999999999996,0.027502327215608448,0.08481481481481479,13.140690117164034,4,2.3204003124120174,0.0011184210526314967,-0.07660431941643872,0.9389383226559432
1.6,abc -> abd ==> cab -> ?,0.029999999999999985,0.0037788062346796694,0.008279569892473138,2.7430777776557056,3,1.5218271845551452,0.018695224719101174,-0.572666658175192,0.5668704168683034
1.7,abc -> abd ==> cmg -> ?,0.015999999999999983,0.0008279678068410512,0.001571428571428557,0.14295646358733416,2,0.3751101754183054,0.03757328990228021,1.6272508650061717,0.10368382876452466
1.8,abc -> qbc ==> ijk -> ?,0.0030000000000000014,0.00030120481927711773,0.00030120481927711773,0.00923022074086873,1,0.09607403780870631,0.005169934640522855,0.3604205986574106,0.7185326247874231
1.9,aabc -> aabd ==> ijkk -> ?,0.044,0.0059837208698889505,0.017735849056603803,1.9563452750135102,4,1.2929184725902985,0.0653386666666667,2.7627074640748743,0.005732411830401441
1.10,abcm -> abcn ==> rijk -> ?,0.054999999999999966,0.013550851560720029,0.04625000000000001,3.2547078631155686,4,1.2775994138642408,0.025011817670230675,0.6004445337249856,0.5482100158675842
2,abc -> abd ==> iijjkk -> ?,0.02599999999999996,0.0025868759055968915,0.003200962695547538,0.6027555648231131,2,0.7489233818323467,0.049052991452991496,2.641824002283392,0.008246089342916757
2.1,abc -> abd ==> hhwwqq -> ?,0.014000000000000005,0.027236674360432478,0.06666666666666665,7.2095447275564215,4,2.0109198099813326,0.06965994962216618,2.7011947144296946,0.006909087646914107
2.2,abc -> abd ==> lmfgop -> ?,0.010000000000000002,0.01988820927878132,0.052000000000000046,4.363223914546642,3,1.5793875220000477,0.02606353861192572,0.8324668289380436,0.4051454940567147
2.3,abc -> abd ==> lmnfghopq -> ?,0.03900000000000003,0.007304873088939401,0.012222222222222134,2.9920551943932314,4,1.23282986439163,0.106921274601687,3.4130682180841996,0.0006423586037530828
2.4,aabbcc -> aabbcd ==> iijjkk -> ?,0.008,0.006078319964349377,0.010784090909090882,3.2392540688413693,2,1.7959508282761423,0.037942068965517294,2.2441963821539974,0.024819768717638812
3,abc -> abd ==> kji -> ?,0.026999999999999993,0.021364849386724373,0.07999999999999996,1.5918909179170484,4,1.0584041649079632,0.011162025316455675,0.6112938416280617,0.5410050672557671
3.1,abc -> abd ==> edc -> ?,0.01600000000000001,0.004699171423754117,0.009166666666666684,1.6512124503961718,3,0.9199090004385616,0.013692528735632144,-0.7457024345008282,0.4558471882263296
3.2,abc -> abd ==> cba -> ?,0.009000000000000005,0.02558886244828935,0.05054347826086958,4.920299245381943,3,1.8023238020797612,0.02851485148514847,-0.8349980080894244,0.40371882990939506
4,abc -> abd ==> mrrjjj -> ?,0.024999999999999994,0.0037433478224701625,0.0068749999999999645,1.9487226473584944,4,0.9970258429591493,0.01137515078407714,0.4354104226212339,0.6632645463820068
4.1,abc -> abd ==> mrr -> ?,0.038000000000000034,0.006185285445035799,0.011818181818181811,3.265752716275421,3,1.2207715302306734,0.015511789181692052,0.5255504498123941,0.5992005919570382
4.2,abc -> abd ==> mmrrrjjjj -> ?,0.03500000000000001,0.009170769492679597,0.02416666666666667,4.003726515053089,5,1.4043055880430106,0.1443389626055489,5.284954403126426,1.2573607140243764e-07
4.3,abc -> abd ==> rssttt -> ?,0.02600000000000001,0.01110332311512514,0.026363636363636367,13.774703267013432,5,3.422931612216844,0.01976876876876885,0.8444758364559691,0.3984035604456143
4.4,abc -> abd ==> xpqdef -> ?,0.028000000000000018,0.00681158005924985,0.010313253012048218,4.471725022069451,5,2.0024001518558894,0.018341759352881685,-0.5943823027076245,0.5522564423980489
5,abc -> abd ==> xyz -> ?,0.024999999999999953,0.004103798381193892,0.006792452830188644,1.1045685370909133,3,0.9827053266110815,0.020380922693266853,-0.5275330652963987,0.597823460967063
5.1,abc -> qbc ==> xyz -> ?,0.001,0.0012248995983935862,0.0012248995983935862,0.09482764688206295,1,0.3079409795432608,0.02147350993377488,1.4870871842018425,0.13699178590350752
5.2,rst -> rsu ==> xyz -> ?,0.007000000000000003,0.00866598778004074,0.00866598778004074,2.617392113936761,1,1.617835626365287,0.049886003280481185,-1.2539162660082281,0.20987244210431297
5.3,abc -> abd ==> glz -> ?,0.016999999999999984,0.009816338620577255,0.015999999999999903,5.9394438748284815,3,2.3604387230371837,0.022500257599175722,0.6403623568400361,0.5219370496352573
5.4,abc -> abd ==> cmz -> ?,0.0050000000000000044,0.0023795621320373828,0.003956043956043931,0.17673551404636273,2,0.31480919272751917,0.06392017987633498,1.439108908303836,0.15011966845387942
