problem,answer,examples,pearson_correlation,pearson_p_value,cells_pooled,fixed_effect_correlation,heterogeneity_q,heterogeneity_df,between_cell_variance_tau_squared
aabbcc -> aabbcd ==> iijjkk -> ?,iijjkl,882,0.31767796874188947,0.0,,,,,
aabc -> aabd ==> ijkk -> ?,ijkl,244,,,,,,,
aabc -> aabd ==> ijkk -> ?,ijll,594,,,,,,,
aabc -> aabd ==> ijkk -> ?,jjkk,112,,,,,,,
abc -> abd ==> abcd -> ?,abce,923,,,,,,,
abc -> abd ==> cab -> ?,cac,370,0.3529799427710129,4.580780199603396e-13,,,,,
abc -> abd ==> cab -> ?,cbc,136,,,,,,,
abc -> abd ==> cab -> ?,dab,480,,,,,,,
abc -> abd ==> cba -> ?,dba,883,0.9006348247607132,0.0,,,,,
abc -> abd ==> cde -> ?,bde,123,,,,,,,
abc -> abd ==> cde -> ?,cdf,819,,,,,,,
abc -> abd ==> cmg -> ?,cmh,678,,,,,,,
abc -> abd ==> cmg -> ?,dmg,311,,,,,,,
abc -> abd ==> cmz -> ?,dmz,909,0.9463527010678316,0.0,,,,,
abc -> abd ==> edc -> ?,edb,675,,,,,,,
abc -> abd ==> edc -> ?,edd,290,,,,,,,
abc -> abd ==> glz -> ?,gld,395,0.9740812315928732,0.0,,,,,
abc -> abd ==> glz -> ?,hlz,591,0.9706258051719029,0.0,,,,,
abc -> abd ==> hhwwqq -> ?,hhwwqr,253,,,,,,,
abc -> abd ==> hhwwqq -> ?,hhwwrr,718,,,,,,,
abc -> abd ==> iijjkk -> ?,iijjkl,148,,,,,,,
abc -> abd ==> iijjkk -> ?,iijjll,828,,,,,,,
abc -> abd ==> ijk -> ?,ijl,988,,,,,,,
abc -> abd ==> ijklmnop -> ?,ijklmnoq,917,,,,,,,
abc -> abd ==> kji -> ?,kjh,576,,,,,,,
abc -> abd ==> kji -> ?,kjj,226,,,,,,,
abc -> abd ==> kji -> ?,lji,185,,,,,,,
abc -> abd ==> lmfgop -> ?,lmfgoq,544,,,,,,,
abc -> abd ==> lmfgop -> ?,lmfgpq,431,,,,,,,
abc -> abd ==> lmnfghopq -> ?,lmnfghopr,429,,,,,,,
abc -> abd ==> lmnfghopq -> ?,lmnfghpqr,532,,,,,,,
abc -> abd ==> mmrrrjjjj -> ?,mmrrrjjjk,163,,,,,,,
abc -> abd ==> mmrrrjjjj -> ?,mmrrrkkkk,712,,,,,,,
abc -> abd ==> mrr -> ?,mrs,330,,,,,,,
abc -> abd ==> mrr -> ?,mss,650,,,,,,,
abc -> abd ==> mrrjjj -> ?,mrrjjk,202,,,,,,,
abc -> abd ==> mrrjjj -> ?,mrrkkk,709,0.3014636438544461,0.0,,,,,
abc -> abd ==> rssttt -> ?,rssttu,176,,,,,,,
abc -> abd ==> rssttt -> ?,rssuuu,730,0.2208076065682098,1.0057916721706306e-09,,,,,
abc -> abd ==> xcg -> ?,xch,972,,,,,,,
abc -> abd ==> xlg -> ?,xlh,981,,,,,,,
abc -> abd ==> xpqdef -> ?,xpqdeg,409,,,,,,,
abc -> abd ==> xpqdef -> ?,xpqefg,531,,,,,,,
abc -> abd ==> xyz -> ?,wyz,123,0.9697215083224288,0.0,,,,,
abc -> abd ==> xyz -> ?,xyd,821,0.9810998869274259,0.0,,,,,
abc -> qbc ==> ijk -> ?,qjk,999,,,,,,,
abc -> qbc ==> xyz -> ?,qyz,998,,,,,,,
abcm -> abcn ==> rijk -> ?,rijl,404,,,,,,,
abcm -> abcn ==> rijk -> ?,rjkl,149,,,,,,,
abcm -> abcn ==> rijk -> ?,sijk,419,,,,,,,
rst -> rsu ==> xyz -> ?,xyu,996,0.982297970767556,0.0,,,,,
,,7409,0.8881178148470864,3.46621927715951e-07,11.0,0.8850046153722848,5579.563182587492,10.0,0.8434354967867638
