id,problem,most_frequent_answer,most_frequent_answer_frequency,most_frequent_answer_temperature_mean,most_frequent_answer_temperature_standard_error,lowest_temperature_solution,lowest_temperature_solution_frequency,lowest_temperature_solution_temperature_mean,lowest_temperature_solution_temperature_standard_error,mean_codelets_run,codelets_run_standard_error,solution_total_variation_distance,temperature_mean_absolute_error,temperature_max_absolute_error,temperature_quantile_10_absolute_error,temperature_quantile_20_absolute_error,temperature_quantile_30_absolute_error,temperature_quantile_40_absolute_error,temperature_quantile_50_absolute_error,temperature_quantile_60_absolute_error,temperature_quantile_70_absolute_error,temperature_quantile_80_absolute_error,temperature_quantile_90_absolute_error,temperature_quantile_100_absolute_error,temperature_rms_z_stat,temperature_max_absolute_z_stat,temperature_z_p_value,temperature_z_chi_square,temperature_z_count,codelets_relative_error,codelets_z_stat,codelets_z_chi_square,codelets_z_p_value
1,abc -> abd ==> ijk -> ?,ijl,988,0.1690412360039127,0.0031371159019456256,ijl,988,0.1690412360039127,0.0031371159019456256,290.735,2.9331403115239967,0.01900000000000001,0.014649828727733766,0.028340893459380206,0.0036969769424166133,0.0064351898887459015,0.009173402835075188,0.011911615781404478,0.014649828727733766,0.017388041674063055,0.02012625462039234,0.02286446756672163,0.02560268051305092,0.028340893459380206,0.5201134546977587,0.7016042827840648,0.7629841617646386,0.541036011515275,2,0.007730375426621114,-0.5398473974818585,0.29143521256793575,0.5893022769579249
1.1,abc -> abd ==> ijklmnop -> ?,ijklmnoq,917,0.28161784077468727,0.004893848606666448,ijklmnoq,917,0.28161784077468727,0.004893848606666448,598.547,9.308117900512963,0.031000000000000003,0.009431452522864248,0.0243166223605627,0.0027577542601159633,0.0033771131832760594,0.004625865960947428,0.006504012593130071,0.008382159225312713,0.008482612753841167,0.008583066282369623,0.011769958909419623,0.01804329063499116,0.0243166223605627,1.1323257194320153,2.2043734974651534,0.2682716350808342,6.410807674436156,5,0.030201376936316738,1.3625227167378242,1.8564681536266212,0.17303297998327113
1.2,abc -> abd ==> xlg -> ?,xlh,981,0.4262740105595499,0.0012531923033532722,xlh,981,0.4262740105595499,0.0012531923033532722,458.154,9.149122073659239,0.004000000000000001,0.008687716968118098,0.011101423376686292,0.0067567518412635415,0.007239493122977181,0.00772223440469082,0.008204975686404459,0.008687716968118098,0.009170458249831736,0.009653199531545375,0.010135940813259015,0.010618682094972654,0.011101423376686292,2.782808924704022,3.913246502764992,0.0004333237098740341,15.48805102282471,2,0.41843343653250775,12.782474254254648,163.3916480606829,2.0542867224647384e-37
1.3,abc -> abd ==> xcg -> ?,xch,972,0.4368521439549663,0.0016925090004971436,xch,972,0.4368521439549663,0.0016925090004971436,595.215,13.164892676135805,0.004,0.02186089084783238,0.033923628800261396,0.010443095121626934,0.014034046288287562,0.017624997454948187,0.021215948621608815,0.024806899788269443,0.026630245590667834,0.028453591393066222,0.030276937195464617,0.03210028299786301,0.033923628800261396,2.2315606536586774,3.4855791571905,0.001869008978842242,14.939588852872628,3,0.19521084337349404,5.7730780341271,33.328429988120824,7.783637178267034e-09
1.4,abc -> abd ==> abcd -> ?,abce,923,0.1712396822153038,0.0028602796846648503,abce,923,0.1712396822153038,0.0028602796846648503,340.694,3.904913662901488,0.015000000000000005,0.013586436661141982,0.01808991249439318,0.009790070168624265,0.010819822552552344,0.011849574936480423,0.012879327320408501,0.01390907970433658,0.0147452462623479,0.01558141282035922,0.016417579378370538,0.01725374593638186,0.01808991249439318,1.2886782910777594,2.1134555373319643,0.1731144004649705,4.982075213685284,3,0.023105105105105155,1.358881524943578,1.8465589988329838,0.17418413411392253
1.5,abc -> abd ==> cde -> ?,cdf,819,0.17727264416696153,0.003423847526614733,bde,123,0.15972515333868315,0.002803301525989715,301.842,3.3047954110214914,0.021000000000000005,0.012549389683218816,0.021379873565142038,0.0023741859130102577,0.004473525164703658,0.006572864416397055,0.01007215420146019,0.014271419253208184,0.01847068430495618,0.021281162262023565,0.02131406602972972,0.02134696979743588,0.021379873565142038,0.9692141561768173,1.5976028811461682,0.4398175759216717,3.7575043221341597,4,0.007098684210526366,-0.47625469935562054,0.2268185386583125,0.6338929344828467
1.6,abc -> abd ==> cab -> ?,dab,480,0.4150238280421788,0.0030669090531547333,cabc,2,0.25973189410221836,0.05610391866010297,714.493,16.586459797063373,0.014000000000000009,0.002364147515033462,0.005023828042178824,0.0005632343711896915,0.0008772829580370845,0.0011913315448844773,0.0015053801317318706,0.0018194287185792635,0.0024603085832991755,0.0031011884480190875,0.003742068312739,0.004382948177458912,0.005023828042178824,0.7035953101069398,1.1709972341754056,0.6857044456018315,1.4851390812134422,3,0.0035014044943820952,0.10591735866171301,0.011218486865873952,0.9156479213197637
1.7,abc -> abd ==> cmg -> ?,cmh,678,0.4206964607661147,0.0014494251578991279,dmg,311,0.4123208307262385,0.003064336112550544,402.21,8.051523391814056,0.02099999999999996,0.0015086457461766234,0.0023208307262385097,0.0008588977621271143,0.0010213347581394916,0.001183771754151869,0.001346208750164246,0.0015086457461766234,0.0016710827421890007,0.0018335197382013779,0.0019959567342137555,0.0021583937302261324,0.0023208307262385097,0.47398106873061535,0.5411912436428996,0.798789315263118,0.4493161070300326,2,0.31013029315960905,9.989669142725967,99.79348958113135,1.6914535870116603e-23
1.8,abc -> qbc ==> ijk -> ?,qjk,999,0.19239826187474712,0.0027790926529796586,qjk,999,0.19239826187474712,0.0027790926529796586,307.952,2.9011277528296193,0.0,0.0023982618747471207,0.0023982618747471207,0.0023982618747471207,0.0023982618747471207,0.0023982618747471207,0.0023982618747471207,0.0023982618747471207,0.0023982618747471207,0.0023982618747471207,0.0023982618747471207,0.0023982618747471207,0.0023982618747471207,0.7004394967889059,0.7004394967889059,0.4836528774684916,0.49061548866189575,1,0.006379084967320255,0.46773389697833423,0.21877499838253897,0.6399748974452165
1.9,aabc -> aabd ==> ijkk -> ?,ijll,594,0.29490398638994164,0.004889420026455142,hjkk,37,0.17271848044914942,0.0039592692405046375,762.473,11.972213043383256,0.046,0.012377434578321488,0.023850322629497045,0.0039029327370801612,0.004331955731163661,0.004760978725247161,0.007379493022123448,0.011092752970396122,0.014806012918668796,0.017938399858715228,0.01990904078230917,0.02187968170590311,0.023850322629497045,1.6927808520521097,2.709653798694915,0.021833970956768995,11.462028052297066,4,0.01663066666666661,0.7513529797605227,0.5645313001950165,0.45244025259696746
1.10,abcm -> abcn ==> rijk -> ?,sijk,419,0.6793465138570121,0.0021032567972305944,qijk,1,0.5122391748607753,0.0,1806.37,51.56070613866258,0.033999999999999996,0.0073610629917261194,0.010296827225206862,0.003231490314596686,0.005809494486205381,0.008387498657814074,0.009246887748752108,0.009246969299354812,0.009247050849957517,0.009352077417844074,0.009666994020298336,0.0099819106227526,0.010296827225206862,1.1263601889280197,1.7049972568549152,0.2797134057625722,5.074749100807857,4,0.016527855936972365,0.39874331177539935,0.15899622868561333,0.6900823507106999
2,abc -> abd ==> iijjkk -> ?,iijjll,828,0.27148850902079824,0.003201964727137116,iijjll,828,0.27148850902079824,0.003201964727137116,609.975,6.98515459812879,0.022999999999999958,0.0013779842701813205,0.0014885090207982232,0.0012895644696877984,0.001311669419811179,0.0013337743699345594,0.00135587932005794,0.0013779842701813205,0.0014000892203047011,0.0014221941704280817,0.001444299120551462,0.0014664040706748426,0.0014885090207982232,0.25612620095141236,0.33923997604736805,0.9365048007774496,0.1312012616276065,2,0.04269230769230773,2.4368186533685394,5.938085149404862,0.014817108096780121
2.1,abc -> abd ==> hhwwqq -> ?,hhwwrr,718,0.42780335664946795,0.0018385990631914386,hhxxrr,15,0.3939978315893293,0.008624066948487184,889.366,15.835836250534854,0.017000000000000008,0.017077190709337123,0.06043053138391696,0.0018376225646587695,0.0019914886157473164,0.002145354666835864,0.002556880998291489,0.0030972374699306526,0.003637593941569816,0.009641101568788009,0.02657091150716436,0.043500721445540666,0.06043053138391696,0.7018835348029109,1.0559539222564738,0.7411735055013556,1.970561985709716,4,0.12010831234256925,4.511799195521475,20.356331980708234,6.428002911122858e-06
2.2,abc -> abd ==> lmfgop -> ?,lmfgoq,544,0.5129819622304789,0.003291887465634961,lmfhpq,2,0.4260506659708069,0.025478116362703987,1022.018,23.275429777069796,0.01700000000000001,0.020011040304422616,0.055301857652981234,0.0019958332699419714,0.002242365510076194,0.002488897750210417,0.00273542999034464,0.002981962230478863,0.013445941314979335,0.023909920399479808,0.034373899483980286,0.04483787856848076,0.055301857652981234,0.9299214708487664,1.4049194163989593,0.45849641110817796,2.5942618258365995,3,0.0009599217986314476,-0.03072720047471969,0.000944160849013614,0.9754870985588504
2.3,abc -> abd ==> lmnfghopq -> ?,lmnfghpqr,532,0.4722751029654146,0.0031442631445943036,lmnghipqr,1,0.4306595121611478,0.0,1182.221,25.330199311417907,0.055000000000000035,0.024892993050211226,0.0784623279771226,0.0025531194843814776,0.0028311360033483448,0.0031091525223152115,0.00568800306884404,0.009417270629153845,0.01314653818946365,0.02191567770441541,0.04076456112865118,0.05961344455288689,0.0784623279771226,1.1716317467907984,1.6530440451212773,0.2405319637670258,5.49088380035223,4,0.1079859418931584,3.420875260380903,11.702387547086111,0.0006241995495690164
2.4,aabbcc -> aabbcd ==> iijjkk -> ?,iijjkl,882,0.3314326897811213,0.00440696127624828,iijjkl,882,0.3314326897811213,0.00440696127624828,761.924,9.28647170785443,0.010999999999999998,0.011485556574008238,0.0115384233668952,0.011443263139698668,0.01145383649827606,0.011464409856853453,0.011474983215430844,0.011485556574008238,0.011496129932585631,0.011506703291163023,0.011517276649740416,0.011527850008317807,0.0115384233668952,1.5084606544302133,1.9209502797032751,0.10275029588361748,4.550907091928054,2,0.05092965517241376,2.964577896494065,8.788722104381176,0.0030309849607989404
3,abc -> abd ==> kji -> ?,kjh,576,0.1380332196041894,0.0015017014521728495,kjh,576,0.1380332196041894,0.0015017014521728495,401.751,5.1680419557755775,0.015999999999999945,0.004242128877672974,0.0050805844033541825,0.0028633905891672254,0.003760000782523843,0.004656610975880459,0.00495751876650502,0.004960575355763552,0.0049636319450220845,0.004977161144410413,0.005011635564058337,0.00504610998370626,0.0050805844033541825,0.7239657830678355,1.093017839667101,0.7180143534254468,2.096505820212097,4,0.01709113924050627,0.9388289563833098,0.8813998093437746,0.3478185694131357
3.1,abc -> abd ==> edc -> ?,edb,675,0.13119031845811652,0.0012538025985048469,edb,675,0.13119031845811652,0.0012538025985048469,348.461,4.46985033765573,0.038000000000000034,0.010140746879089344,0.02613121765579665,0.001572395671164184,0.0019544728842118553,0.0023365500972595266,0.002718627310307198,0.003100704523354869,0.007706807149843224,0.01231290977633158,0.01691901240281994,0.021525115029308296,0.02613121765579665,1.3668739747524723,2.207720713932803,0.13248969501528368,5.605033388566867,3,0.0013247126436781976,0.07187388052559472,0.005165854701807464,0.9427022765975609
3.2,abc -> abd ==> cba -> ?,dba,883,0.1622047385858438,0.0036853057322541517,dba,883,0.1622047385858438,0.0036853057322541517,409.873,10.38262258404507,0.0030000000000000022,0.02185357968675929,0.05154984613428837,0.004125021736704182,0.006045304887564562,0.007965588038424943,0.009885871189285323,0.011806154340145703,0.019754892698974236,0.027703631057802765,0.0356523694166313,0.043601107775459835,0.05154984613428837,1.105449280298956,1.8487651202180737,0.2998553840239707,3.666054333940439,3,0.014537128712871264,0.4113547520816082,0.16921273206012136,0.6808124273573519
4,abc -> abd ==> mrrjjj -> ?,mrrkkk,709,0.433723257887264,0.0019636951725974395,mrrjjjj,32,0.21432423258163705,0.00811308371671426,877.615,16.0826134452778,0.025000000000000005,0.005362875389453695,0.009293914116990043,0.003839309612661912,0.003955361338059804,0.004071413063457696,0.004152924093866339,0.004217164776780358,0.004281405459694377,0.004821200735172352,0.006312105195778252,0.007803009656384148,0.009293914116990043,0.8639183463159738,1.3283718134679283,0.5602683469359582,2.985419636405307,4,0.05864294330518698,2.1630383252473955,4.678734796489057,0.030538232015355132
4.1,abc -> abd ==> mrr -> ?,mss,650,0.4231712936321186,0.0011259044789900447,mrrr,10,0.2059533684502039,0.014672199911123373,735.467,16.387531543862885,0.013000000000000008,0.0028560665451890046,0.0040466315497960925,0.0017144782893455778,0.002078682125038833,0.0024428859607320886,0.002807089796425344,0.003171293632118599,0.003346361215654098,0.0035214287991895965,0.003696496382725095,0.003871563966260594,0.0040466315497960925,1.235348508379719,2.105946819645302,0.20541518992779662,4.57825781146799,3,0.0200651872399445,0.6413637682356237,0.4113474832053988,0.5212863672928973
4.2,abc -> abd ==> mmrrrjjjj -> ?,mmrrrkkkk,712,0.42996945510586665,0.0019087145170577872,mmrrrjjjjj,10,0.21652830902148165,0.011989638402132003,944.459,16.36232881111742,0.040000000000000015,0.007347554506730336,0.027795101588920734,0.0008580785261721458,0.0016856121582109473,0.0023477143989540593,0.002844385248401482,0.0033410560978489046,0.0033933100501166826,0.00344556400238446,0.00833637310059883,0.01806573734475978,0.027795101588920734,0.2562859751216981,0.45685026100495196,0.9970743165590394,0.3284125052203982,5,0.1392750301568154,5.281105403220365,27.890074279923333,1.284067876329837e-07
4.3,abc -> abd ==> rssttt -> ?,rssuuu,730,0.29205312679499096,0.004037159741830865,rssuuu,730,0.29205312679499096,0.004037159741830865,672.834,9.093054056590454,0.031000000000000014,0.006893931228462646,0.015378221256397873,0.0016198010660462225,0.0019086848853427263,0.0022625083144866,0.002681271353477843,0.0031000343924690865,0.006902963216163681,0.010705892039858276,0.013161529412644035,0.014269875334520954,0.015378221256397873,0.7796688970872212,1.478250231228072,0.6939086246389401,3.0394179454260195,5,0.01026126126126118,0.4611953093080529,0.2127011133277506,0.6446584867248468
4.4,abc -> abd ==> xpqdef -> ?,xpqefg,531,0.46550751316500405,0.0025346549186166926,xpqcdef,12,0.20287575068971656,0.010259408246492267,994.638,21.54033925385511,0.036000000000000025,0.01733156757084352,0.040117342764220854,0.005703688371773497,0.0058998635785429635,0.00638051723209847,0.007145649332440019,0.007910781432781566,0.01559616858378232,0.023281555734783074,0.029722868001070938,0.034920105382645894,0.040117342764220854,1.2401228706548155,1.7058012812667864,0.17419711601860705,7.689523671605701,5,0.005700707785642097,0.1852525491411304,0.034318506963286935,0.8530309540609755
5,abc -> abd ==> xyz -> ?,xyd,821,0.21527846080093213,0.004347537371741859,wyz,123,0.14281223427648698,0.0026591531897523103,3166.273,83.97080479862943,0.018999999999999944,0.003908584500456835,0.00472153919906787,0.0030881834263527088,0.003364132576218448,0.003640081726084188,0.003916030875949927,0.004191980025815667,0.004297891860466108,0.004403803695116548,0.004509715529766989,0.004615627364417429,0.00472153919906787,0.5886697949226752,0.7126002846986754,0.7916720190590703,1.0395963823629137,3,0.013007169576059806,-0.3424391310120685,0.11726455844830062,0.7320204442531586
5.1,abc -> qbc ==> xyz -> ?,qyz,998,0.18977570325808515,0.0026101468306710526,qyz,998,0.18977570325808515,0.0026101468306710526,313.23,3.4094629397512946,0.002000000000000001,0.00022429674191484783,0.00022429674191484783,0.00022429674191484783,0.00022429674191484783,0.00022429674191484783,0.00022429674191484783,0.00022429674191484783,0.00022429674191484783,0.00022429674191484783,0.00022429674191484783,0.00022429674191484783,0.00022429674191484783,0.0564050077533536,0.0564050077533536,0.955019167698299,0.00318152489965588,1,0.03718543046357622,2.4370215825562336,5.939074193844889,0.01480879546786658
5.2,rst -> rsu ==> xyz -> ?,xyu,996,0.2162254157847143,0.0042223484307127536,wyz,3,0.1762818411646482,0.019335226499317206,3737.758,106.13060376013364,0.008000000000000004,0.0037745842152857034,0.0037745842152857034,0.0037745842152857034,0.0037745842152857034,0.0037745842152857034,0.0037745842152857034,0.0037745842152857034,0.0037745842152857034,0.0037745842152857034,0.0037745842152857034,0.0037745842152857034,0.0037745842152857034,0.6489772996063065,0.6489772996063065,0.5163530490352393,0.42117153540429364,1,0.021803717878622147,0.5287259593763743,0.27955114011846743,0.596995566370653
5.3,abc -> abd ==> glz -> ?,hlz,591,0.4228530213662926,0.0032204761865757938,hlz,591,0.4228530213662926,0.0032204761865757938,7204.33,189.8035781416551,0.058000000000000024,0.011672708192663453,0.017659105131477393,0.007759991069527028,0.008373003505346666,0.008986015941166303,0.009599028376985941,0.010212040812805578,0.011701453676539941,0.013190866540274303,0.014680279404008668,0.01616969226774303,0.017659105131477393,1.348253693708179,1.623832501538021,0.14145472350293825,5.4533640677932445,3,0.23721964623046538,5.811144284756922,33.76939789826304,6.204725656946545e-09
5.4,abc -> abd ==> cmz -> ?,dmz,909,0.40012159857675705,0.002057309912950477,dmz,909,0.40012159857675705,0.002057309912950477,2019.211,64.3954177119871,0.0050000000000000044,0.011549712883314106,0.02297782718987118,0.0024072214380684467,0.004692844299379862,0.006978467160691276,0.009264090022002692,0.011549712883314106,0.01383533574462552,0.016120958605936934,0.018406581467248353,0.020692204328559765,0.02297782718987118,1.0839711938282008,1.5323808355435171,0.308820971870448,2.34998709809867,2,0.13502585722315907,2.926448794635811,8.564102547625392,0.0034285594128338846
